[
  {
    "Id": "413632",
    "ThreadId": "203658",
    "Html": "<p>Hi All,</p>\r\n<p>&nbsp;</p>\r\n<p>I am facing problem, while I am writting and compiling code for windbg. I am new to windbg extension code writting.</p>\r\n<p>I need to know basic steps to compile code using DDK.</p>\r\n<p>If anyone have some good example of it, pl. share with me. My id is <a href=\"mailto:callforkumar@yahoo.com\">callforkumar@yahoo.com</a>.</p>\r\n<p>&nbsp;</p>\r\n<p>&nbsp;</p>\r\n<p>Regards,</p>\r\n<p>Raj</p>",
    "PostedDate": "2010-03-03T04:48:31.643-08:00",
    "UserRole": null,
    "MarkedAsAnswerDate": null
  }
]