[
  {
    "Id": "51142",
    "Title": "Welcome",
    "LatestDate": "2009-03-24T10:47:10.197-07:00"
  },
  {
    "Id": "56156",
    "Title": "Command options for !exploitable",
    "LatestDate": "2009-06-19T11:25:46.45-07:00"
  },
  {
    "Id": "60464",
    "Title": "Installing/Running/Using - How?",
    "LatestDate": "2013-06-17T01:29:12.14-07:00"
  },
  {
    "Id": "62165",
    "Title": "Is /GS violation really exploitable?",
    "LatestDate": "2009-07-13T16:31:10.657-07:00"
  },
  {
    "Id": "203658",
    "Title": "How to compile windbg extension code for windows device driver using DDK.",
    "LatestDate": "2010-03-03T04:48:31.643-08:00"
  },
  {
    "Id": "219302",
    "Title": "Major/Minor hash",
    "LatestDate": "2012-05-03T09:49:11.947-07:00"
  },
  {
    "Id": "234982",
    "Title": "Can't build 64bit msec.dll under .NET 4",
    "LatestDate": "2012-05-03T09:44:39.243-07:00"
  },
  {
    "Id": "239128",
    "Title": "Some documentation on the tool",
    "LatestDate": "2012-05-03T09:43:43.977-07:00"
  },
  {
    "Id": "280326",
    "Title": "Arguments to debugWrapper script",
    "LatestDate": "2012-05-03T09:32:00.187-07:00"
  },
  {
    "Id": "454124",
    "Title": "Installing, circa 2013 edition",
    "LatestDate": "2013-08-23T05:43:28.613-07:00"
  },
  {
    "Id": "462422",
    "Title": "Windows XP SP3 + WinDBg + MSEC",
    "LatestDate": "2015-03-14T10:20:33.73-07:00"
  }
]